sequence,label
AAGKGLVSNLLEK,1
ADDKNPLEECFREADYEEFLEIAKVTVLEASERNDKEDWYANLGPMRLPEKLNEFVQETENGWYFIKYPVKPSEEGKSAGQLYEESLRKSAGQLYQESLGKAHDDIFAYEKRFDEIVDGMDKLPTSMYQAIQERINFKPPLPPKKYAMGAITTFTPYQFQHFSEALTAPVGR,1
ADDRNPLEECFRETDYEEFLEIARNGLSDTDNPKEGWYANLGPMRLNEFSQENENAWYFIKDPGVLDYPVKPSEVGKHDDIFAYEKRFDEIVGGMDKEVTVTYQTSEKFEPPLPPK,1
AGTKEWLNKAKDFIKEKGLGMLSAAANAALN,1
AKFKK,1
ALKTMLKKLGTMAL,1
ALWKDMLKGIGKLAGKAALGAVKTLV,1
ALWKNMLKGI,1
ALWKNMLKGIGKLAGQAALGAVKTLVGA,1
ALWKTLLKKV,1
ALWKTLLKKVLK,1
ALWKTLLKKVLKAAAK,1
ALWKTMLKKLGT,1
ALWKTMLKKLGTM,1
ALWKTMLKKLGTMA,1
ALWKTMLKKLGTMAL,1
ALWKTMLKKLGTMALHAGK,1
ALWMTLLKKVLKAAAKAALNAV,1
ALWMTLLKKVLKAAAKAALNAVLV,1
ALWMTLLKKVLKAAAKAALNAVLVGA,1
AQWFAIQHSTIAMRAIN,1
ARWWWRA,1
AWKLFDDGV,1
CKYLLKWR,1
CLLKKLLKK,1
CLLKKLLKKC,1
CLRPSIISRA,1
CPRRR,1
CRKKKC,1
CRRRR,1
CVRPGRVC,1
DDDDDDKDK,1
DEDLDE,1
DKDKKKK,1
DWRWRRWWR,1
DWWWWRRRR,1
ELLVDLL,1
EVLLD,1
FFFIRRIARLLRRIF,1
FFFLRIF,1
FFFLRRIF,1
FFLRRIF,1
FFLSRIF,1
FFPIVAGVAAKVLKKIFCTISKKC,1
FFPIVGKLLS,1
FFPKVAGVAAKVAKKIFCTISKKC,1
FFPKVAGVAAKVLKKAFCTISKKC,1
FFPKVAGVAAKVLKKIFCTISKKC,1
FIGAALGALTAIPSIIKLFK,1
FKKLKKLFSKLWNWKCRGDKGPDC,1
FKKLKKLFSKLWNWKGGCRGDKGPDC,1
FKKLKKLFSKLWNWKGGRGD,1
FKKLKKLFSKLWNWKRGD,1
FKLKK,1
FLGALLKIGAKLLPSVVGLFKKKQQ,1
FLGFLHHLF,1
FLGFLKNLF,1
FLGGLMKIGAKLLPSVIGLFKKKQ,1
FLGIIGKLLSGLL,1
FLGLIGSLL,1
FLGLLGGLL,1
FLGSLFSIGSKLLPGVFKLFSRKKQ,1
FLGTINLSLCEEERDADEEERRDEPDESNVEVKKRFFFLSRIFGK,1
FLGTINLSLCEQERDADEEERRDEPDGSNVEVEKRFLSHIAGFLSNLFGK,1
FLGTINLSLCEQERDADEEERRDEPNESNVEVEKRFLSGIVGMLGKLFGK,1
FLGTINLSLCEQERDADEEKRDEPDESDVEVEKRFLPAALAGIGGILGKLFGK,1
FLGTVLKVAAKVLPAALCQIFKKC,1
FLHFLHHLF,1
FLKGLMGVIASLF,1
FLKGLMGVIASLFK,1
FLKIIGKLLSGLL,1
FLKKK,1
FLKLIGKVLSGIL,1
FLKLIGKVLSKIL,1
FLKLLKKLL,1
FLLFFKL,1
FLNALKNFAKTAGKRLKSLLN,1
FLPFLASLALKIL,1
FLPFLGKLFSGIF,1
FLPFLGKLLSGIF,1
FLPGLLAGLL,1
FLPIIAGLAAKFLPKIFCKITKKC,1
FLPIIAGLAAKLLPKLFCKITKKC,1
FLPKLLSALAKIL,1
FLPLIAGVAAKVLPKIFCAISKKC,1
FLPLLAGLAANFLPKIFKITRK,1
FLPLLAGLAANFLPKIICKIARKC,1
FLPLLAGLAANFLPQIICKIARKC,1
FLPLLAGLAASFLPTIFCKISRKC,1
FLSAITSILGKLF,1
FLSGIVGMLFKLF,1
FLSGIVGMLYKLF,1
FLSKILSTLRILF,1
FLSKILSTLRILL,1
FLSLIPHAISAVSALAKHL,1
FLSLIPKAIKAVKALAKKL,1
FLSLIPKAIKAVSALAKKL,1
FLSLIPKAISAVSALAKHL,1
FLSLIPKAISAVSALAKKL,1
FLWGALIKGAGKLISRVVGSLKKKKQ,1
FLWIIGKLLSGLL,1
FNATYLNLTGEIDDLEFRSEKL,1
FPFFNQYVKL,1
FPFFNQYVL,1
FPLLFPLL,1
FPVFPV,1
FPVGRVHRLLRK,1
FPVLFPL,1
FPVLFPV,1
FPVLFPVL,1
FPWFNQYVL,1
FPWWNQYVL,1
FRFFR,1
FRGLAKLLKIGLKSFARVLKKVLPKAAKAGKALAKSLADENAIRQQNQ,1
FRRWWWRRF,1
FTAVF,1
FVKELWDKVKKMGSAAWSAAKGAFA,1
FWFHWK,1
FWPVVIRTVVAGYNLYRAIKKK,1
FWRIVRRIWRWLR,1
FWRIVRWIKRWLR,1
GFFALIAKTISSPLFKTL,1
GFFALIPKIISSPLFKTLLSA,1
GFFALIPKIISSPLFKTLLSAV,1
GFFKKFFKKFFKKFFKKI,1
GFGALKLKKVL,1
GFGMAKLLKVL,1
GFGMALKLKKL,1
GFGMALLLKVL,1
GFGMLKLKKVL,1
GFKDWIKGAAKKLIKTVASAIANQ,1
GFKDWMKKAGSWLKKKGPALIKAAMQE,1
GFMALLLKKVL,1
GFMDLIKKAGGWLKKKGPALIKAALQE,1
GFPCGESCVYIPCFTAAIGCSCKSKVCYKN,1
GGGGGGG,1
GGLRSLGRKILRAWK,1
GGLRSLGRKILRAWKK,1
GGMAKLLKKVL,1
GGSFSIEIS,1
GGSWSIEIS,1
GGSWSIEIVS,1
GIGAILKVLSTGLPALISWIKRKRQE,1
GIGAVLKVLTTGLPALISWIRKRQQ,1
GIGSAILSAGKSIIKGLAKGLA,1
GKLTDSQEDYIRHVWDDVNRKLITAKALERVNLVAEALSSNYH,1
GKMKEYFKKFGASFKRRFANLKKRL,1
GKRLVQRLKDLRNLV,1
GKVWDWIKKTAKDVLNSDVAKQLKNKALNAAKNFVAEKIGATPSEAGQMPFDEFMDILHYY,1
GLAANFLPQILCKIARKC,1
GLFSKPAGKGIKNLIPKGVKHIGKEVGKDVIRTGIDVAGCKIKGEC,1
GLGKALAKALACLAKALA,1
GLKRIKTL,1
GLKRIKTLL,1
GLLDTPKNLALNAAKSAGVSVLNSLSCKLSKTC,1
GLLKFIKKLL,1
GLLKFIKWLL,1
GLLKIKTL,1
GLLKKIKWLL,1
GLLKKLLKKLLKKLLKKI,1
GLLKRI,1
GLLKRIKTLL,1
GLLKRITLL,1
GLLKRKTLL,1
GLLKWIKKLL,1
GLLKWIKTLL,1
GLLRIKLL,1
GLLRIKTLL,1
GLLSSLGKLL,1
GLLTKIKKLL,1
GLLTRIKKLL,1
GLLTRIKSLL,1
GLLYFAIFFVAAWHIRGR,1
GLPALISWIKRKR,1
GLSSLGKLL,1
GNNNNGY,1
GQGEGY,1
GQGQQGY,1
GQQGQQGY,1
GQQQQGY,1
GRDYRTCLTIVQKLKKMVDKPTQRSVSNAATRVCRTGRSRWRDVCRNFMRRYQSRVTQGLVAGETAQQICEDLR,1
GRWWWRG,1
GSKPWWWSYFTSLSTHRPRWLLKY,1
GSTLLSLL,1
GVLDIFKDAAKQILAHAAEQI,1
GWKDWLKTAGGWLKKKGPSILKAVVGAATQ,1
GWKDWLNKAKDFIKEKGPEILRAAANAAIN,1
GWRDWLKKGKEWIKAKGPGIVKAALKAAVQ,1
GWRDWLNKGKEWLKKKGPGMVKAALAAATQ,1
GWWKKWWKKWWKKI,1
GWWKKWWKKWWKKWWKKI,1
HFLGTLVNAKKL,1
HGLLYFAIFFVAAWHIRGR,1
HLLSLLKKAAKKLLKKLLKKLAKKL,1
HRILMRIR,1
HRWKFV,1
HWFHWK,1
IEELIKKSEEQQKKNEEELKKLE,1
IEELLKKAEEQQKKNEEELKKLE,1
IFGMIPGLIGGLISAFK,1
IFLVLS,1
IIGPVLGLVGSALGGLLKKIG,1
IIIQYEGHKH,1
IILLLLKKFLKKL,1
IILLLLKKFLKKW,1
IILLLLKKFWKKL,1
IILLLLKKFWKKW,1
IKKIIKKI,1
ILGKIIKVVK,1
ILLKKLLKKI,1
ILLLLI,1
ILPWKWPW,1
ILPWKWPWW,1
ILPWKWPWWP,1
ILWHK,1
INWKAILGKIGKAAAAVI,1
IRCRRRFCRI,1
IRIKIRIK,1
IRRWWWRRI,1
ITFDLLYYGP,1
IWFFLIKAATKLLPSLFGGGKKDS,1
IWKFLIKAATKLLPSLFGGGKKDS,1
IWKRWWWKR,1
IWLLLLKKFLKKL,1
IWLLLLKKFWKKW,1
IWRIFRRIF,1
IWRWWWRWI,1
IWSFLIKAATKLLPKLFGGGKKDS,1
IWSFLIKAATKLLPSLFGGGKKDK,1
IWSFLIKAATKLLPSLFGGGKKFS,1
IWSFLISAATKLLPSLFGGGKKDS,1
KAFKK,1
KAWKVKAK,1
KDKDK,1
KGKGAKCSRLMYDTGSCRSGKGS,1
KGKGAKSRLMYDCTGSRSGKCGS,1
KHKWLWLW,1
KHLWLW,1
KIAKIAGKIAKIAGKIA,1
KIAKVALKAL,1
KIFGKILKKLLKKLLKKLLKKL,1
KIKRWR,1
KKAKK,1
KKDKDK,1
KKFAK,1
KKFFK,1
KKFKA,1
KKFKAK,1
KKFKF,1
KKFKK,1
KKFKKILKYL,1
KKFKR,1
KKFKS,1
KKFKT,1
KKFKV,1
KKFKY,1
KKFRK,1
KKFSK,1
KKFTK,1
KKFVK,1
KKFYK,1
KKIRWR,1
KKKDKDK,1
KKKDKDKKKK,1
KKKFKN,1
KKKKDKDK,1
KKKKKDKDK,1
KKKKKFLLLQ,1
KKKKKKFLPFLASLALKIL,1
KKKKKKFLPKLLSALAKIL,1
KKKKLFKLLQ,1
KKKKN,1
KKKLF,1
KKKLKFLKLQ,1
KKKLLFKKLQ,1
KKKLY,1
KKKWLWLW,1
KKLFKKILKYLAGPAKKLFKKILKYL,1
KKLFKKILYL,1
KKLKF,1
KKLKLFKKLQ,1
KKRRVRWIIW,1
KKWWKF,1
KLFKKILKYL,1
KLFPKLFP,1
KLKFKLKQ,1
KLKKKFKKLQ,1
KLKKLFKLKQ,1
KLKLKFKLKQ,1
KLKLKLKLKLKLKL,1
KLKLLLLKLK,1
KLKLLLLLKL,1
KLLKKFKKLQ,1
KLLKKFLKKQ,1
KLLLKFKKLQ,1
KLSLLTLSAKAAKLTLLALS,1
KLWKKIEKLIKKLLTSIR,1
KRFKK,1
KRIRIRWIIR,1
KRIVQRIKDFLR,1
KRRWRIWLV,1
KSKEKIGKEFKRIVQRIKDFLRNLVPRTES,1
KWFFLH,1
KWFFWH,1
KWFKWS,1
KWKIRVRLSA,1
KWKLFIGAVLKVL,1
KWKLFKKIPKFLH,1
KWKLFKKIPKFLHLAKK,1
KWKLKKGAVKVL,1
KWKWK,1
KWKWKWKWKW,1
KWLFKIGAVLKVL,1
KWPWWPWRR,1
KWRRWVRWI,1
KWWKAKAK,1
KWWKVKAK,1
KWWKWKWK,1
LKKKKWLLKQ,1
LKKKLWKKLQ,1
LKKLKFKLKQ,1
LKKVLKAAAKAALNAVLVGANA,1
LKLKG,1
LKLKKFKKLQ,1
LKLLKKLL,1
LKLLKLL,1
LKLRG,1
LLGDFFRKSKEKIGKEFKRIVQRIKDFLRNLV,1
LLKKLLKK,1
LLKKLLKKC,1
LLKKLLKKM,1
LLKLKFKKLQ,1
LLLKKFKKLQ,1
LLLKLKL,1
LLLLLKL,1
LLMVNEATRFQTVSGFV,1
LMRIR,1
LMRIRQMMT,1
LRCLMLKFPI,1
LRLKG,1
LRLRG,1
LRLRYG,1
LRPRG,1
LRTRG,1
LRVRARLRL,1
LRWLRWG,1
LSYWASPP,1
LWFHWK,1
LWKNR,1
MAAKYVFVVAACSALAQAGIVRRDASTPLQDLEKHAAEFQKTFSEQLNAFTNSKDTKEFNTALKEGSDSVLQQLNALASSLQKALNDANGKAKEALEQTRTNLERTAEELRRAHPDVERQAGALRDRLQTAVQATVQETQKLAKTVGANLEETNKKLAPQIKSAYDDFVKQAQEVQKKLHEAASKQ,1
MAFLKKSLFLVFFLGFVSLSICEEEKRETDEKENEQEDDREERSEEKRLLGMIPVAITAISALSKLG,1
MAFLKKSLFLVLFLALVPLSICEEKKSEEENEEKQEDDQSEEKRGLVTSLIKGAGKLLGGLFGSVTGGQS,1
MAFLKKSLFLVLFLGLVNLSICEEEKREEENKEEEDENEALSEVKRGFLEKLKTGAKDFASAFVNSIKGT,1
MAFLKKSLFLVLFLGLVSLSICDEEKRENEDEENQEDDEQSEMRRGLRSKIWLWVLLMIWQESNKFKKM,1
MAFLKKSLFLVLFLGLVSLSICDEEKRQDEDDDDDDDEEKRGVFDIIKDAGKQLVAHAMGKIAEKV,1
MAFLKKSLFLVLFLGLVSLSICDEEKRQDEDDDDDDDEEKRGVFDIIKDAGRQLVAHAMGKIAEKV,1
MAFLKKSLFLVLFLGLVSLSICDEEKRQDEDDDDDDDEEKRGVFDIIKGAGKQLIAHAMEKIAEKVGLNKDGN,1
MAFLKKSLFLVLFLGLVSLSICDEEKRQDEDDDDDDDEEKRGVFDIIKGAGKQLIAHAMGKIAEKV,1
MAFLKKSLFLVLFLGLVSLSICDEEKRQDEDDDDDDDEEKRGVFDIIKGAGKQLIAHAMGKIAEKVGLNKDGN,1
MAFLKKSLFLVLFLGLVSLSICDEEKRQDEDDDDDDDEEKRGVFDIIKGAGKQLIARAMGKIAEKVGLNKDGN,1
MAFLKKSLFLVLFLGLVSLSICDEEKRQDEDDDDDDDEEKRGVIDIIKGAGKDLIAHAIGKLAEKV,1
MAFLKKSLFLVLFLGLVSLSICEEEKRENEDEEEQEDEEQSEEKRASWKVFLKNIGKAAGKAVLNSVTDMVNQGEQ,1
MAFLKKSLFLVLFLGLVSLSICEEEKRENEMEQEDDEQSEMKRGLWSKIKDAAKTAGKAALGFVNEMVGEQ,1
MAFLKKSLFLVLFLGLVSLSICEEEKRETEEEEHDQEEDDKSEEKRFLSLIPHIVSGVASIAKHFG,1
MAFLKKSLFLVLFLGLVSLSICEEEKRETEEEEHDQEEDDKSEEKRFLSLIPHIVSGVASLAKHFG,1
MAFLKKSLFLVLFLGLVSLSICEEEKRETEEEEHDQEEDDKSEEKRFLSMIPHIVSGVAALAKHLG,1
MAFLKKSLFLVLFLGLVSLSICEEKERETKEEENEQEDDNREEKRFLSLIPHVISAIPHVVNALSNLG,1
MAFLKKSLFLVLFLGLVSLSMCEEEKRENEVEEEQEDDEQSELRRSLWSSIKDMAAAAGRAALNAVNGILNPGEQ,1
MAFLKKSLFLVLFLGLVSLSMCEEEKRENEVEEEQEDDEQSELRRSLWSSIKDMAAAAGRAALNAVNGIVNPGEQ,1
MAFLKKSLFLVLFLGLVSLSMGEREKREEEEEEEEENKEEEANEEGKGESEEKRGLVGTLLGHIGKAILGG,1
MAFLKKSLFLVLFLGLVSLSVCEEEKRENEEEKNEQEEDDREERNEEKRLLGMIPLAISAISSLSKLG,1
MAFLKKSLFLVLFLGLVSLSVCEEEKRESEEEKNEQEEDDRDERSEEKRLLGMIPLAISAISALSKLG,1
MAFLKKSLFLVLFLGMVSLSICEEEKRENEDEEEQEDDEQSEEKRALWKTLLKGAGKVFGHVAKQFLGSQGQPES,1
MAKFANYLMLFLLVASLVMLEAQSSDTIKAPDWGKRLLMNHDSDLGAIPCGESCVWIPCISTVIGCSCSNKVCYR,1
MAKLIAFALVASLCLSMVLCNPLPEEVQEEGLVRQKRVTCDVLSFEAKGIAVNHSACALHCIALRKKGGSCQNGVCVCRN,1
MANIKAVFLICIVAFIAFHCVVAEPTAEDSVVVKRSLGGVISGAKKVAKVAIPIGKAVLPVVAKLVG,1
MANLKAVFLICILAFIAFHCVVGAPTAEDSIVVKRSIGTAVKKAVPIAKKVGKVAIPIAKAVLSVVGQLVG,1
MASLRIAPLALFFFLAASVMFTVEKTEAGIPCGESCVFIPCITAAIGCSCKSKVCYRNHVIAAEAKTMDDHHLLCQSHEDCITKGTGNFCAPFPDQDIKYGWCFRAESEGFLLKDHLKMSITN,1
MCFFPRRKSKVKVKGGLCRLLFIFFKTTFCFKAKTKKEIKKGTGKKIVR,1
MDFLKKSLFLVLFLGFFSLSICEEEKRETEEKENEQEDDREERREEKRLLGMIPVAISAISALSKLG,1
MDFLKKSLFLVVFLGLVSLSVCEEEKRESEEEKNEQEEDDREERSEEKRLLGMIPLAISAISALSKLG,1
MDGFFWKTWLVVAALAIGGTSSLPHKPLTYEEAVDLAVSTYNGKSGEESLYRLLEAVPPPKWDPLSESNQELNLTIKETVCLVAEERSLEECDFQDDGAVMGCTGYFFFGESPPVLVLTCEPLGEDEEQNQEEEEEEEKEEDEKDQPRRVKRFKKFFRKLKKSVKKRVKKFFKKPRVIGVTIPF,1
MDILKKSLFLILFLGVVSLSICEEEKRENEEEMEQDDEQSEMKRALWKEVLKNAGKAALNEINNLVQGGQ,1
MDILKKSLFLVLFLGLVSLSICEEEKRENEDEEKQEDDEQSEMKRALWKTMLKKLGTMALHAGKAALGAAADTISQGTQ,1
MDTQRDSPSLGRWSLVLLLLGLVMPLAIVAQVLSYQEAVLRAIDGINQRSSDANLYRLLDLDPRPTMDGDPDTPKPVSFTVKETVCPRTTQQSPEDCDFKKDGLVKRCMGTVTLNQARDSFDISCDKDNRRFALLGNFFRKAREKIGKEFKRIVQRIKDFLQHLVPRTEA,1
MEAFKKKPRLPLFKVKLTRFLERARGLGSYRIFEFFKKFGVKKFVSSLR,1
MEGFFWKTLLVVGALAIAGTSSLPHKPLIYEEAVDLAVSIYNSKSGEDSLYRLLEAVSPPKWDPLSESNQELNFTMKETVCLVAEERSLEECDFQEDGVVMGCTGYYFFGESPPVVVLTCKPVGEEGEQKQEEGNEEEKEVEEEEQEEDEKDQPRRVKRFKKFFRKLKKSVKKRAKEFFKKPRVIGVSIPF,1
MEGFFWKTWLVVAAFAIGGTSSLPHKPLTYEEAVDLAVSTYNGKSGEESLYRLLEAVPPPKWDPLSESNQELNLTIKETVCLVAEERSLEECDFQDDGAVMGCTGYFFFGESPPVLVLTCEPLGEDEEQNQEEEEEEEKEEDEKDQPRRVKRFKKFFMKLKKSVKKRVMKFFKKPMVIGVTFPF,1
MEIKYLLTVFLVLLIGSDYCQAFLFSLIPHAIGGLISAFKGRRKRDLDGQIDRSRNFRKRDAELEELLSKLPIY,1
MEIKYLLTVFLVLLIVSDHCQAFLFSLIPHAISGLISAFKGRRKRDLDGQIDRFRNFRKRDAELEELLSKLPIY,1
MEIKYLLTVFLVLLIVSDHCQAFLFSLIPNAISGLLSAFKGRRKRNLDGQIDRFRNFRKRDAELEELLSKLPIY,1
MEIKYLLTVFLVLLIVSDHCQAFPFSLIPHAIGGLISAIKGRRKRDLDGQIDRSRNFRKRDAELEELLSKLPIY,1
MERRTLLVVLLVCSCVVAAAAEASPSRWPSPGRPRPFPGRPKPIFRPRPCNCYAPPCPCDRWRH,1
MERRTLLVVLLVCSCVVAAAAEASPSRWPSPGRPRPFPGRPNPIFRPRPCICVRQPCPCDTYGGNRW,1
MFPLKKSLLLLFFLATINLSLCEQERNAEEERRDEPDERNAEVEKRFFPIVGKLLSGLLGK,1
MFPLKKSLLLLFFLATINLSLCEQERNAEEERRDEPDERNAEVEKRFLPIVGKLLSGLSGLSGK,1
MFPLKKSLLLLFFLGTINLSFCEEERDVDQDERRDDPGERNVQVEKRLLRHVVKILEKYLGK,1
MFPMKKSLLLLFFFGPISLSFCDQERGADEEENGGEVTEQEVKRNILSSIVNGINRALSFFG,1
MFTLKKPLLFLFFLGTISLSFCEEERGADEDDGGEMTEEEKRGVLDTLKNVAIGVAKGAGTGVLKALLCQLDKSC,1
MFTLKKPLLLIVLLGMISLSLCEQERNADEEEGSEIKRGIFSKLAGKKLKNLLISGLKNVGKEVGMDVVRTGIDIAGCKIKGEC,1
MFTLKKPLLLLFFLGTVSLSLCEQERAADDDEGEVIEEEVKRDSMGAVKLAKLLIDKMKCEVTKAC,1
MFTLKKPLLLLVFLGMISLSLCQDERGADEDDGGEMTEEEKRGAFGNLLKGVAKKAGLKILSIAQCKLSGTC,1
MFTLKKPLLVLFFLATINLSLCEQERNAEEERRDDDERNVEVEKRFFPIVGKLLSGLFGK,1
MFTLKKPLLVLLFLGTVSLSLCEQERAADDDEGEVIEEEVKRGFMDTAKNVAKNVAVTLIDKLRCKVTGGC,1
MFTLKKPLLVLLFLGTVSLSLCEQERAADDDEGEVIEEEVKRGFMDTAKQVAKNVAVTLIDKLRCKVTGGC,1
MFTLKKSLLLIFFLGTISLSLCEKERDADDDEVEVIKQEEKRGFLNTAMNTVTNLAGTLMDKAKCKIRGC,1
MFTLKKSLLLLFFLATINLSFCEQERNAEEERRDEPDERNAEVEKRFFPIVGKLLFGLLGK,1
MFTLKKSLLLLFFLATINLSLCEQERNAEEERRDDDERNAEVEKRFLPFVGNLLKGLLGK,1
MFTLKKSLLLLFFLGTINLSLCEEERNAEEERRDEPDERDVQVEKRLLPIVGNLLKSLLGK,1
MFTLKKSLLLLFFLGTINLSLCEQERDADEEERRDDDEMDVEVEKRFLPLAVSLAANFLPKLFCKITKKC,1
MFTLKKSLLLLFFLGTINLSLCEQERDADEEERRDDDEMDVEVEKRFLPLFLPKIICAITKKC,1
MFTLKKSLLLLFFLGTINLSLCEQERDADEEERRDDDEMDVEVEKRFLPLVASLAANFLPKLFCKITKKC,1
MFTLKKSLLLLFFLGTINLSLCEQERDADEEERRDDSEERDIEVEKRFLPLIASVAANLVPKIFCKITKKC,1
MFTLKKSLLLLFFLGTINLSLCEQERDAEEERRDGTDESDVEVEKRFLPALAGIAGLLGKIFGK,1
MFTLKKSLLLLFFLGTINLSLCEQERNADEEERRDDSDKRDVEVEKRFLSTLLNVASKVVPTLFCKITKKC,1
MFTLKKSLLLLFFLGTINLSLCEQERNAEEERRDDDEMDVEVEKRFLPMLAGLAANFLPKIVCKITKKC,1
MFTLKKSLLLLFFLGTINLSLCEQERNAEEERRDDLGERQAEVEKRFFPIVGKLLFGLFGLLGK,1
MFTLKKSLLLLFFLGTINLSLCEQERNAEEERRDDLGERQAEVEKRFFPIVGKLLSG,1
MFTLKKSLLLLFFLGTINLSLCEQERNAEEERRDDSDKRDVEVEKRFLSTLLNVASNVVPTLICKITKKC,1
MFTLKKSLLLLFFLGTINLSLCEQERNAEEERRDEPDERNAEVEKRFFPIVGKLLFGLSGLLGK,1
MFTLKKSLLLLFFLGTINLSLCEQERNAEEERRDEPDERNAEVEKRFFPIVGKLLSGLSGLLGK,1
MFTLKKSLLLLFFLGTINLSLCEQERNAEEERRDEPDERNAEVEKRFLPIVGKLLSGLSGLLGK,1
MFTLKKSLLLLFFLGTISLSLCEQERDADGDEGEVEEVKRGFLDIIKDTGKEFAVKILNNLKCKLAGGCPP,1
MFTLKKSLLLLFFLGTISLSLCEQERGADEEENGGEVTEEEVKRNILSGIANGINRVLSWFG,1
MFTLKKSLLLLFFLGTISLSLCEQERGADEEENGGEVTEQEVKRNVLSSVANGINRALSFFG,1
MFTLKKSLLLLLFLGTINLSLSEQERDAKEERRDEMDVEVEKRNILNTIINLAKKILGK,1
MFTLKKSLLLLLFLGTINLSLSEQERNAEEERRDDPEEMDAEVEKRAILTTLANWARKFLGK,1
MFTLKKSMLLLFFLGTINLSLCEEERDADEEERRDNPDESEVEVEKRFLPLLAGLAANFLPKIFCKITRKC,1
MFTLKKSMLLLFFLGTINLSLCEQERNADEEERRDDDEMDVEVEKRFLPMLAGLAANFLPKLFCKITKKC,1
MFTLKKSMLLLFFLGTISLSLCEEERNADEDDGEKEVKRGIFALIKTAAKFVGKNLLKQAGKAGLEHLACKANNQC,1
MFTLKKSMLLLFFLGTISLSLCEEERSADEDDGEKEVKRGIFSLIKTAAKFVGKNLLKQAGKAGMEHLACKANNQC,1
MFTLKKTLLLLFFLGTINLSLCEEERNAEEERRDGDDEMDVEVKKRFISGLIGGLMKALGK,1
MFTLKKTLLLLFFLGTINLSLCEEERNAEEERRDGDDEMDVEVKKRFITGLIGGLMKALGK,1
MFTLKKTLLLLFFLGTINLSLCEEERNAEEERRDGDDEMDVEVKKRFITGLISGLMKALGK,1
MFTLKKTLLLLFFLGTISISLCKQARDADEDDGRKMTEEEVKRSIITMTREAKLPQLWKQIACRLYNTC,1
MFTLKKTLLLLFFLGTISISLCKQERDADEDDGRKMTEEEVKRSIITTTKEAKLPQLWKQIACRLYNTC,1
MFTMKKPLLFLFFLGTISLSFCEEERGADEDDEVEMTEEEKRGLRDKIKNVAIDVAKGAGTGVLKALLCQLDKSC,1
MFTMKKPLLLLFFLATINLSLCEQERNAEEERRDEPDERNAEVEKRFLPIVGKLLSGLFGK,1
MFTMKKPLLLLFFLGTINLSLCEEERNADEEEKRDGDDEMDAEVEKRFLPAVLKVAAHILPTAICAISRRC,1
MFTMKKPLLLLFFLGTISLSLCQEERGADEDDGEMTEEVKRGLWNTIKEAGKKFAINVLDKIRCGIAGGCKT,1
MFTMKKPMLLLFFLGMISMSLCQDERGADEDDGGEMTEEEKRGAFGDLLKGVAKEAGLKLLNMAQCKLSGNC,1
MFTMKKSLLFLFFLGTISLSFCEEERGADEDDGGEMTEEEKRGVLDTLKNVAIGVAKGAGTGVLKALLCQLDKSC,1
MFTMKKSLLFLFFLGTISLSLCEEERSADEDDGGEMTEEEVKRGILDTLKQFAKGVGKDLVKGAAQGVLSTVSCKLAKTC,1
MFTMKKSLLFLFFLGTISLSLCEQERGADEDDGGEEVKRGIFSLFKAGAKFFGKNLLKEAGKAGAEHLACKAANQC,1
MFTMKKSLLLIFFLGTINLSLCEEERNADEDEKRDGDDESDVEVQKRFMGTALKIAANVLPAAFCKIFKKC,1
MFTMKKSLLLIFFLGTISLSLCQEERNADDDDGEMTEEEKRGIMDTLKNLAKTAGKGALQSLVKMASCKLSGQC,1
MFTMKKSLLLLFFLGTIHLSLCEQERNAEEERRDDLGERQAEVEKRFLPIAGKLLSGLSGLLGK,1
MFTMKKSLLLLFFLGTINLSLCEQERNAEEERRDDDEMDVEVEKRFLSTALKVAANVVPTLFCKITKKC,1
MFTMKKSLLLLFFLGTISLSLCEEERSADEDDGEKGVKRGIFSLIKTAAKFVGKNLLKQAGKAGVEHLACKANNQC,1
MFTMKKSLLVLFFLGTISLSLCEEERNADEDDGEMTEEEKRGLLSTFKQVGISALQGAAQGLLNTLSCKIAKTC,1
MFTMKKSMLLLFFLGTISLSLCEEERSADEDDGEEEVKRSLFSIFKTAAKFVGKNLLKQAGKAGLETLACKAKNEC,1
MFTMKKSMLVLFFLGTISLSLCEEERNADEDDGEMTEEVKRGILDKLKEFGISAARGVAQSLLNTASCKLAKTC,1
MFTSKKPLLLLFFLGTINLSLCEQERDADEEERRDDPDERDVEVEKRFLPLIASLAANFVPKIFCKITKKC,1
MFTTKKPLLLLFFLGTINLSLCEQERNAEEERRDDDEMDVEVEKRFLPIVAGLAANFLPKIVCKITKKC,1
MFTTKKSLLLLFFLGTINLSLCQEERNAEEERRDGDDEGGVEVQKRFFPFLLGALGSLLPKIFGK,1
MHFKYIVAVSFLIASAYARSVQNDEQSLSQRDVLEEESLREIRGIGGKILSGLKTALKGAAKELASTYLHRKRTAEEHEVMKRLEAIMRDLDSLDYPEEASERETRGFNQDKIANLFTKKEKRILGPVLGLVGSALGGLIKKIG,1
MIFKYIVAVSFLIASGYARSVKNDEQSLSQREVLEEESLREIRGIGGALLSVGKSALKGLAKGFAEHFGKRTAEDHEVMKRLEAVIRDLDSLDHSEEASERETRGFNQEEIANLFTKKEKRILGPVLGLVSNAIGGLIKKIG,1
MKAIVVLLILALILCLYAMTTVEGACQFWSCNSSCISRGYRQGYCWGIQYKYCQCQ,1
MKAQFAILLITLVLFQMFSQSEAIFGAIWKGISSLLGKRGLNNLNDFDELFDGEITKADLDFMREIMK,1
MKAQLCILLIALVLFQTFSQSDAILSAIWSGIKSLFGRRGLNDLDDLDELFDGEISQADVDFLNELMR,1
MKARLLLLSVVILVGMVSAENEKAGSCPDVNQPIPPLGLCRNMCESDSGCPNNEKCCKNGCGFMTCSRPR,1
MKATLLLLLLFAVILPGTISAEQEKPGSCPNVDMPIPPLGLCKTTCSKDSDCSETKKCCKNGCGFMTCTTARP,1
MKCATIVCTIAVVLAATLLNGSVQAAPQEEAALSGGANLNTLLDELPEETHHAALENYRAKRATCDLASGFGVGSSLCAAHCIARRYRGGYCNSKAVCVCRN,1
MKCIALFLVLSMVVLMAEPGEAFIHHIIGGLFHVGKSIHDLIRGKNRDMAEQQELERAFDRERAFA,1
MKCKKQLLVIFFAYFLVVNESEAIFGSLFSLGSKLLPTVFKLFSRKKQRALMKRDLEDIMDP,1
MKFFMVFVVTFCLAVCFVSQSLAIPADAANDAHFVDGVQALKEIEPELHGRYKRATCDLLSGTGINHSACAAHCLLRGNRGGYCNGKGVCVCRN,1
MKFFVLVAIAFALLACVAQAQPVSDVDPIPEDHVLVHEDAHQEVLQHSRQKRATCDLLSKWNWNHTACAGHCIAKGFKGGYCNDKAVCVCRN,1
MKFKYIVAVSFLIASAYARSEENDEQSLSQRDVLEEESLREIRGIGTKILGGLKTAVKGALKELASTYVNGKRTAEDHEVMKRLEAVMRDLDSLDYPEEASERETRGFNQEEIANLFTKKEKRILGPVIKTIGGVIGGLLKNLG,1
MKFLVNVALVFMVVYISFIYAAPEPEPAPEAEAEADAEADPEAGIGAVLKVLATGLPALISWIKRKRQQG,1
MKFLVNVALVFMVVYISFIYAAPEPEPAPEAEAEADAEADPEAGIGAVLKVLTTGLPALISWIKRKRQQG,1
MKFLVNVALVFMVVYISYIYAAPEPEPAPEPEAEADAEADPEAGIGAVLKVLTTGLPALINWIKRKRQQG,1
MKFLVNVALVFMVVYISYIYAAPEPEPAPEPEAEADAEADPEAGIGAVLKVLTTGLPALISWIKRKRQQG,1
MKFLVNVALVFYGRVHFLHLCVHFLHLWAPEPEPAPEAEAEADAEADPEAGIGAVLKVLTTGLPALISWIKRKRQQG,1
MKFSIIALALAVAFVCVAESRSEEEGYDVSEEIQAEELEEAARGGINRKLMEMVNKLRKVQGREDSEDAGRAGINRKLMEMVNKLRKVQGREDTEEAGRGGINRKLMEMVNKLRKVQGREDSEEAGRGGINRKLMEMVNKLRKVQGREDTEEARSLKDKVKSMGEKLKQYIQTWKAKFG,1
MKFSNISIAALFTILASTAMAAPAADSPDSIVAREPAPVEETYEAPSGLEKRGFGCPGSEKKCHNHCKSVKGYKGGYCDGPYIPFVGRPRCKCY,1
MKKKKKGILKQNNKKKKYTLFNRMVVFLFLGFIMIIFVQKYKKVIYHK,1
MKLLYLLLTLAIIFVLTIVHAPNVEAKALADPESDAVGFADAFGDADAEATGGLGRLIGKIAKKGAKIAAEAAANAAAEKAAEALG,1
MKLSALSLAFAIILMMTIMYTKADADASADAEADADAEAEAFWGALLAAAIPAITSAIQGK,1
MKLSCLLLTLAIIFVLTIVHAPNVEAKALADPESDAVGFADAVGEADPIDWKKVDWKKVSKKTCKVMLKACKFLG,1
MKLSCLLLTLTIIFVLTIVHAPNVEAKDLADPESEAVGFADAFGEADAVGEADPNAGLGSVFGRLARILGRVIPKVAKKLGPKVAKVLPKVMKEAIPMAVEMAKSQEEQQPQ,1
MKLSFLSLVLAIILVMALMYTPHAEAKAWADADADATAAADADADAVADALADAVAKIKIPWGKVKDFLVGGMKAVGKK,1
MKNQFAILLLAVVFLQLISQSDAIWSAIWSGIKGLLGKRGLKNADRLDELFDGDISDADLDFLRELMR,1
MKNQFVLLLLAIVFLQMIFQSDAILSAIWSGIKSLFGKRGLENMDKFDELFDGDLSEADLDFLKELMR,1
MKNYSKNATYLITVLLFSFVTMLLIIPSKCEAVSNDMQPLEARTADLVQQPRYIIDVPPRCPPGSKFVHKRCRVIVP,1
MKPSGITFAFLVVFMMAIMYNSVQAAAIADADADAEAKAFADAFAEAGWGSIFKTVGKMIAKAAVKAAPEAISAMASQNEK,1
MKPSGLALAFLVVFMMAIMYNSVQAAAIADADAEAEAIAKIKWGKIFKKGGKLIGKTALEAAANAAASEAISAMASQNEK,1
MKPSGLTFAFLVVFMMAIMYNSVQVTADADADAEAEALANALAEAGILDWGKKVMDWIKDKMGK,1
MKPSGLTLAFLVVFMMAIMYNSVQAEALADADAEAFAEAGVKELFGKAWGLVKKHLPKACGLMGYVKQ,1
MKPSSLTLAFLVVFMMAIMYNSVQAEALADADAEAFAEAGVKELFGKAWGLVKKHLPKACGLLGYVKQ,1
MKSQTFFLLFLVVFLLAITQSEAIFGAIAGLLKNIFGKRSLRDMDTMKYLYDPSLSAADLKTLQKLMENY,1
MKTIILILLILGLGIDAKSLEESKADEEKFLRFIGSVIHGIGHLVHHIGVALGDDQQDNGKFYGYYAEDNGKHWYDTGDQ,1
MKTIVLLFVLALVFCTLEMGIVEAGFGCPFNQGQCHKHCQSIRRRGGYCDGFLKQRCVCYRK,1
MKTLTGLLLVGLLALWIGLPSTSSKILFGCGISPGNPFPCSLPGLTGNRCRRDYDCPQTLRCCNFRCSRSCRIPPVLPWSCPRNPFKCTIPGIDRCRYDYDCPGRQRCCYYSCSRICK,1
MKTQFAILLIALVLFQLLSQSDAFLSTIWNGIKSLLGRRGLNELDNLDELFDGEISQADIDFLKELMS,1
MKTQFVILIVAVVLLQLIANSEAFLSTLWNAAKSIFGKRGLRNLDNLDDDIFEPEMSEADLRYLQDLLR,1
MKTQFVILIVAVVLLQLISHSEAFLGALWNVAKSVFGKRGLRNFDDLDDTFEPEMSEADLKYLQDLLR,1
MKTQFVILMITVILMQMLVQTEGGILGKLWEGFKSIVGKRGLNDRDQLDDLFDSDLSDADIKLLKEMFK,1
MKTQIVILIVAVLFLQLVSQSDAFLKGIIDTVSKLFGKRGLKNLDQYNDLFDGEISDADIKYLQDLMR,1
MKTQIVILIVAVLFLQLVSQSDAFLKGIIDTVSNWLGKRGLKNLDQYNDLFDGEISDADIKFLKDLMR,1
MKTQLAILLITLVLFQMFSQSDAILGEIWKGIKDILGKRGLNDLSDLDELFDGEISKADLDFLREIM,1
MKTQMDGHSLGRWSLVLLLLGLVMPLAIVAQVLSYKEAVLHAIDGINQRSSDANLYRILDLDPSLTMDGDPDTPKPVSFTVKETVCPRRTQQSPEDCDFKKDGLVKRCVGTVTLNQARGSFDISCDKDNRRFALLGDFFRKAREKIGEEFKRIVQRIKDFLRNLVPRTES,1
MKTQRDGHSLGGWSLMLLLLGLLMPLAIVAQVLSYKEAVLRAIDGINQRSSDANLYRLLDLDPRPTMDGDPDTPKPVSFTVKETVCPRTTQQSPEDCDFKKDGLVKRCVGTVTLNQARDSFDISCDKDNRRFASLGNFFRKARKKIGEEFKRIVQRIKDFLQHLIPRTEA,1
MKTQRDGHSLGRWSLVLLLLGLVMPLAIIAQVLSYKEAVLRAIDGINQRSSDANLYRLLDLDPRPTMDGDPDTPKPVSFTVKETVCPRTTQQSPEDCDFKKDGLVKRCMGTVTLNQARGSFDISCDKDNKRFALLGDFFRKSKEKIGKEFKRIVQRIKDFLRNLVPRTES,1
MKTQRDGHSLGRWSLVLLLLGLVMPLAIVAQVLSYKEAVLRAIDGINQRSSDANLYRLLDLDPRPTMDGDPDTPKPVSFTVKETVCPRTTQQSPEDCDFKKDGLVKRCMGTVTLNQARGSFDISCDKDNKRFALLGDFFRKSKEKIGKEFKRIVQRIKDFLRNLVPRTES,1
MKTQRDGHSLGWWSLVLLLLGLVMPLAIIAQVLSYKEAVLRAIDGINQRSSDANLYRLLDLDPRPTMDGDPDTPKPVSFTVKETVCPRTTQQSPEDCDFKKDGLVKRCMGTVTLNQARGSFDISCDKDNKRFALLGDFFRKAKEKIGKESKRIVQRIKDFLRNLVPRTES,1
MKTQRDGPSLGRWSLLLLLLGLTMPLAVIGRVLSYQEAVLRAVDGLNQRSSDANLYRLLNLDPRPTMDGDPDTPKPVSFTVKETVCPRTIQRSPEECDFKEDGLVKWCVGTVTLNQAKDSFDISCDKDKRKVARLGGILRKAGEKIGGGLKKIGQKIKDFFGKLAPRTES,1
MKTQRDGPSLGRWSLVLLLLGLTMPLAITAQVLSYQEAVLRAVDGLNQRSLDANLYRLLNLDPRPTLDGDPDTPKPVSFTVKETVCPRTIQRSPEECDFKKDGLVKRCVGTVILNQARDSFDISCDKDERKVARLGGFLQKAREKIARGFKKIGQKINDFLGKLAPRTEA,1
MKTQRDGPSLGRWSLVLLLLGLTMPLAVIARVLSYQEAVLRAVDVLNQRSSDANLYRLLNLDPRPTMDGDPDTPKPVSFTVKETVCPRTIQRSPEECDFKEDGLVKWCVGTVTLNQAKDSFDISCDKDKRKVAQLGDVLQKAGEKIVRGLKNIGQRIKDFFGKLTPRTES,1
MKTQRDGPSLGRWSLVLLLLGLTMPLAVTGRILSYQEAVLHAVDGLNQRSLDANLYRLLNLDPRPTMDGDPDTPKPVSFTVKETVCPRTIQRSPEECDFKEDGLVKWCVGTVTLNQAKDSFDISCDKDKRNVARLGDILQKAREKIEGGLKKLVQKIKDFFGKFAPRTES,1
MKTQRDGPSLGRWSLVLLLLGLVMPLAIVAQVLSYQEAVLRAIEGINQRSSDANLYRLLDLDPRPTMDGDPDTPKPVSFTVKETVCPRTTQKSPEDCDFKEDGLVKRCVGTVTLNQARDSFDISCDKDNRRFARLGKFFRKVKKKIGGGLKKIGQKIKDFLGNLVPRTAS,1
MKTQRDSPSLGRWSLVLLLLGLVMPLAIVAQVLSYQEAVLRAIDGINQRSSDANLYRLLDLDPRPTMDGDPDTPKPVSFTVKETVCPRTTQKSPEDCDFKEDGLVKRCVGTVILNQARDSFDISCDKDNRRFARLGNFFRKVKEKIGGGLKKVGQKIKDFLGNLVPRTAS,1
MKTQRDSPSLGRWSLVLLLLGLVMPLAIVAQVLSYQEAVLRAIDGINQRSSDANLYRLLDLDPRPTMDGDPDTPKPVSFTVKETVCPRTTQKSPEDCDFKEDGLVKRCVGTVILNQARDSFDISCDKDNRRSARLGNFFRKVKEKIGGGLKKVGQKIKDFLGNLVPRTAS,1
MKTQRDSPSLGRWSLVLLLLGLVMPLAIVAQVLSYQEAVLRAIDGINQRSSDANLYRLLDLDPRPTMDGDPDTPKPVSFTVKETVCPRTTQQSPEDCDFKKDGLVKRCMGTVTLNQARDSFDISCDKDNRRFALPGNFFRKAREKIGKEFKRIVQRIKDFLQHLVPRTEA,1
MKTQRDSPSLGRWSLVLLLLGLVMPLAIVAQVLSYQEAVLRAIDGINQRSSDANLYRLLDLDPRPTMDGDPDTPKPVSFTVKETVCPRTTQQSPEDCDFKKDGLVKRCVGTVILNQARDSFDISCDKDNRRFALPGNFFRKAREKIGKEFKRIVQRIKDFLQHLVPRTEA,1
MKTQRHGPSLGRWSLVLLLLGLVMPLAIVAQVLSYQEAVLRAIDGINQRSSDANLYRLLDLDPRPTMDGDPDTPKPVSFTVKETVCPRTTQKSPQDCDFKEDGLVKRCVGTVTLNQARDSFDISCDKDNRRFARLGNFFRKAKKKIGRGLKKIGQKIKDFLGNLVPRTES,1
MKTQRHGPSLGRWSLVLLLLGLVMPLAIVAQVLSYQEAVLRALDGINQRSSDANLYRLLDLDPRPTMDGDPDTPKPVSFTVKETVCPRTTQKSPQDCDFKEDGLVKRCVGTVILNQARDSFDISCDKDNRRFARLGNFFRKAKEKIGRGLKKIGQKIKDFWGNLVPRTES,1
MKTQRNGPSLGRWSLVLLLLGLVMPLAIVAQVLSYQEAVLRAIDGINQRSSDANLYRLLDLDPRPTMDGDPDTPKPVSFTVKETVCPRTTQKSPEDCDFKEDGLVKRCVGTVILNQARDSFDISCDKDNRRSARLGNFFRKVKEKIGGGLKKVGQKIKDFLGNLVPRTAS,1
MKVLVILFGAMLVLMEFQKASAATLLEDFDDDDDLLDDGGDFDLEANSDASSGNGNDSNDAVPEKRRACADLRGKTFCRLFKSYCDKKGIRGRLMRDKCSYSCGCRG,1
MKYFVIALALAVALVCIAESTAYEVNEELENELDDLDDAAWLAVAEELQGLEDFEESRGLFGKLIKKFGRKAISYAVKKARGKN,1
MKYFVVALALVAAFACIAESKPAESEHELAEVEEENELADLEDAVWLEHLADLSDLEEARGFFGNTWKKIKGKADKIMLKKAVKIMVKKEGISKEEAQAKVDAMSKKQIRLYLLKYYGKKALQKASEKL,1
MLLGTTSAQVVRPGSCPNVDVPIPPLGLCRTTCQTDANCQEGRKCCKNGCGFMTCETARF,1
MLLKKLLKKM,1
MLLTISDFLFLSLTFSRYARMRDSRPWSDRKNNYSGPQFTYPPEKAPPEKLIKWNNEGSPIFEMPAEGGHIEP,1
MLSCWVLLLALLGGVCALPAPLSYPQALIQAVDSYNQRPEVQNAFRLLSADPEPGPGVDLSTLRALNFTIMETECTPSARLPVDDCDFKENGVIRDCSGPVSVLQDTPEINLRCRDASSDPVLVQRGRFGRFLRKIRRFRPKVTITIQGSARFG,1
MLTLKKSMLLLFFLGTINLSLCEQERDADEEERRDDDEMDVEVEKRFLPLFLPKIICVITKKC,1
MMIKIAVVLCAVMATSMVFANDVKEQELADLLDLLISEEVSSPDDAVAESWGHKLRSSWNKVKHAVKKGAGYASGACRVLGHSPQEARAKVLEAFPEMKESDLDEEQVGKYCAVAHAIHGR,1
MMIKIAVVLCAVMATTMVRAKYVEEQELADLLDLLISEEVSSPDDAVALQGWWRRTVDKVRNAGRKVAGFASKACGALGHSPQEARAKVLEAFPEMKEADLDEEDIGKYCGYAHALNGR,1
MMKKSMLLLFFLGMVSFSLADDKREDEGEEKRADEGEEKRAAEEKRFIKELLPHLSGIIDSVANAIKG,1
MMQIKYLFALFAVLMLVVLGANEADADCLSGRYKGPCAVWDNETCRRVCKEEGRSSGHCSPSLKCWCEGC,1
MNAKTLFVVFLIGMLVTEQVEAGIWSSIKNLASKAWNSDIGQSLRNKAAGAINKFVADKIGVTPSQAASMTLDEIVDAMYYD,1
MNAKVMLVCLLVTMLVMEPAEAGIWSWIKKTAKKVWNSDVAKKLKGKALNVAKDFVAEKIGATPAEAGQIPFDEFMNVLYS,1
MNFKYIFAVSFLIASAYARSVQNDEQSLSQRDVLEEESLREIRGIGGKILSGLKTALKGAAKELASTYLHRKRTAEEHEEMKRLEAVMRDLDSLDYPEEASERETRGFNQDEIANLFTKKEKRILGPVLGLVSDTLDDVLGILG,1
MNFKYIFAVSFLIASAYARSVQNDEQSLSQRDVLEEESLREIRGIGGVLLSAGKAALKGLAKVLAEKYANGKRTAEEHEVMKRLEAVMRDLDSLDHPEEASERETRGFNQDEIAKEKRILGPVLGLVGNALGGLIKKIG,1
MNFKYIIAVSFFIASAYARRNEKDVQSLSQRDVLEEESLREIRGIGGVLLSAGKAALKGLAKVLAEKYANGKRTAEDHEVMKRLEAVMRDLDSLDHPEEASERETRGFNQEEIANLFTKKEKRILGPVLGLVGNALGGLIKKIG,1
MNFKYIIAVSFFIASAYARTEEKDVQSLSQRDVLEEESLREIRGIGGVLLSAGKAALKGLAKVLAEKYANGKRTAEDHEVMKRLEAVMRDLDSLDHPEEASERQTRGFNQEEIANLFTKKEKRILGPVLGLVGNALGGLIKKIG,1
MNFKYIIAVSFLIASAYARSEEYDIQSLSQRDVLEEESLRKIRGIGSAILSAGKSIIKGLAKGLAEHFGKRTAEDHEVMKRLEAAMRDLDSLDYPEEASERETRGFNQEEKEKRIIGPVLGLVGKALGGLLG,1
MNFKYIIAVSFLIASAYARSVQNDEQSLSQRDVLEEESLREIRGIGGVLLSAGKAALKGLAKVLAEKYANGKRTAEEHEVMKRLEAVMRDLDSLDHPEEASERETRGFNQDEIAKEKRILGPVLGLVGNALGGLIKKIG,1
MNFKYIIAVSFLIASTYARSVKNDEQSLSQRDVLDEESLREIRGIGGALLSAGKSALKGLAKGLAEHFANGKRTAEEHEVMKRLEAVMRDLDSLDHPEEASEKETRGFNQEEIANLFTKKEKRIIGPVLGLIGKALGGLLG,1
MNFKYIVAVSFLIASAYARSEENDEQSLSQRDILEEESLREIRGIGAKILGGVKTALKGALKELASTYVNGKRTAEDHEVMKRLEAVMRDLDSLDYPEEAAERETRGFNQEEIANLFTKKEKRILGPVIGTIGNVLGGLLKNLG,1
MNFKYIVAVSFLIASAYARSEENDEQSLSQRDVLEEESLREIRGIGAKILGGVKTALKGALKELASTYVNGKRTAEDHEVMKRLEAVMRDLDSLDYPEEAAERETRGFNQEEIANLFTKKEKRILGPVIKTIGGVLGGLLKNLG,1
MNFKYIVAVSFLIASAYARSEENDEQSLSQRDVLEEESLREIRGIGAKILGGVKTALKGALKELASTYVNGKRTAEDHEVMKRLEAVMRDLDSLDYPEEAAERETRGFNQEEIANLFTKKEKRILGPVISTIGGVLGGLLKNLG,1
MNFKYIVAVSFLIASAYARSEENDEQSLSQRDVLEEESLREIRGIGTKIIGGLKTAVKGALKELASTYVNGKRTAEDHEVMKRLEAVMRDLDSLDYPEEASERETRGFNQEEIANLFTKKEKRILGPVISTIGGVLGGLLKNLG,1
MNFKYIVAVSFLIASAYARSEENDEQSLSQRDVLEEESLREIRGIGTKIIGGLKTAVKGALKELASTYVNGKRTAEDHEVMKRLEAVMRDLDSLDYPEEASERETRGFNQEEIANLFTKKEKRILGPVLGLVGSALGGLIKKIG,1
MNFKYIVAVSFLIASAYARSEENDEQSLSQRDVLEEESLREIRGIGTKILGGVKTALKGALKELASTYANGKRTAEEHEVMKRLEVVMRDLDSLDYPEEASERETRDFNQEEIANLYTKKEKRLLGPVLGLVSNALGGLLKNIG,1
MNFKYIVAVSFLIASAYARSEENDEQSLSQRDVLEEESLREIRGIGTKILGGVKTALKGALKELASTYVNGKRTAEDHEVMKRLEAVMRDLDSLDYPEEAAERETRGFNQEEIANLFTKKEKRILGPVISTIGGVLGGLLKNLG,1
MNFKYIVAVSFLIASAYARSEENEIQSLSQRDVLEEESLREIRGIGTKILGGVKTALKGALKELASTYVNGKRTAEEHEVMKRLETVMRDLDSLDYPEEASERETRGFNQEEIANLFTKKEKRILGPVLGLVSNALGGLLKNIG,1
MNFKYIVAVSFLIASAYARSEENEIQSLSQRDVLEEESLREMRGIGTKILGGVKTALKGALKELASTYVNGKRTAEEHEVMKRLETVMRDLDSLDYPEEASERETRGFNQEEIANLFTKKEKRILGPVLGLVSNALGGLLKNIG,1
MNFKYIVAVSFLIASAYARSVKNDEQSLSQRDVLDEESLREFRGIGGALLSAGKSALKGLAKGLAEHFASGKRTAEDHEVMKRLEAVMRDLDSLDYPEEATERETRGFNQEEIANLFTKKEKRILGPVLGLVGNALGGLIKKIG,1
MNFKYIVAVSFLIASAYARSVKNDEQSLSQRDVLDEESLREIRGIGGALLSAGKSALKGLAKGLAEHFANGKRTAEDHEVMKRLEAVMRDLDSLDHPEEASERETRGFNQEEIANRFTKKEKRILGPVLGLVSNALGGLLKNLG,1
MNFKYIVAVSFLIASAYARSVKNDEQSLSQRDVLEEESLREIRGIGRKFLGGVKTTFRCGVKDFASKHLYGKRTAEEHEVMKRLEAIMRDLDSLDHPEEASERETRGFNQDEIANLFTKKEKRILGPVLGLVGNALGGLIKKIG,1
MNFKYIVAVSFLIASAYARSVQNDEQSLSQRDVLEEEESLREIRGIGGKILSGLKTALKGAAKELASTYLHRKRIAEDHEVMKRLEAVMRDLDSLDHPEEASERETRGFNQEEIANLFTKKEKRILGPVLGLVGNALGGLIKKIG,1
MNFKYIVAVSFLIASAYARSVQNDEQSLSQRDVLEEEESLREIRGIGGKILSGLKTALKGAAKELASTYLHRKRTAEEHEVMKRLEAVMRDLDSLDYPEEAAERETRGFNQDEIANLFTKKEKRILGPVLGLVGNALGGLIKKIG,1
MNFKYIVAVSFLIASAYARSVQNDEQSLSQRDVLEEEESLREIRGIGGKILSGLKTALKGAAKELASTYLHRKRTAEEHEVMKRLEAVMRDLDSLDYPEEASERETRGFNQDEIANLFTKKEKRILGPVLGLVGSALGGLIKKIG,1
MNFKYIVAVSFLIASAYARSVQNDEQSLSQRDVLEEEESLREIRGIGGKILSGLKTALKGAAKELASTYLHRKRTAEEHEVMKRLEAVMRDLDSLDYPEEASERETRGFNQDEIANLFTKKEKRILGPVLGLVSNALGGLIKKIG,1
MNFKYIVAVSFLIASAYARSVQNDEQSLSQRDVLEEESLREIRGIGGALLSAGKSALKGLAKGLAEHFASGKRTAEDHEVMKRLEAVMRDLDSLDYPEEATERETRGFNQEEIANLFTKKEKRILGPVLGLVGNALGGLLKNLG,1
MNFKYIVAVSFLIASAYARSVQNDEQSLSQRDVLEEESLREIRGIGGKILSGLKTALKGAAKELASTYLHRKRTAEEHEVMKRLEAVMRDLDSLDYPEEASERETRGFNQDEIANLFTKKEKRILGPVLGLVGEPLGGLIKKIG,1
MNFKYIVAVSFLIASAYARSVQNDEQSLSQRDVLEEESLREIRGIGGKILSGLKTALKGAAKELASTYLHRKRTAEEHEVMKRLEAVMRDLDSLDYPEEASERETRGFNQDEIANLFTKKEKRILGPVLGLVGNALGGLIKKIG,1
MNFKYIVAVSFLIASAYARSVQNDEQSLSQRDVLEEESLREIRGIGGKILSGLKTALKGAAKELASTYLHRKRTAEEHEVMKRLEAVMRDLDSLDYPEEASERETRGFNQDEIANLFTKKEKRILGPVLGLVGNALGGLLKNLG,1
MNFKYIVAVSFLIASAYARSVQNDEQSLSQRDVLEEESLREIRGIGGKILSGLKTALKGAAKELASTYLHRKRTAEEHEVMKRLEAVMRDLDSLDYPEEASERETRGFNQDEIANLFTKKEKRILGPVLGLVGSALGGLIKKIG,1
MNFKYIVAVSFLIASAYARSVQNDEQSLSQRDVLEEESLREIRGIGGKILSGLKTALKGAAKELASTYLHRKRTAEEHEVMKRLEAVMRDLDSLDYPEEASERETRGFNQDEIANLFTKKEKRILGPVLGLVSNALGGLIKKIG,1
MNFKYIVAVSFLIASAYARSVQNDEQSLSQRDVLEEESLREIRGIGGKILSGLKTALKGAAKELASTYLHRKRTAEEHEVMKRLEAVMRDLDSLDYPEEASERETRGFNQDEIANLFTKKEKRILGPVLSLVGNALGGLIKKIG,1
MNFKYIVAVSFLIASAYARSVQNDEQSLSQRDVLEEESLREIRGIGGKILSGLKTALKGAAKELASTYLHRRRTAEEHEVMKRLEAVMRDLDSLDYPEEASERETRGFNQDEIANLFTKKEKRILGPVLSMVGSALGGLIKKIG,1
MNFKYIVAVSFLIASAYARSVQNDEQSLSQRDVLEEESLREIRGIGGVLLSAGKAALKGLAKVLAEKYANGKRTAEDHEVMKRLEAIMRDLDSLDYPEEASERETRGFNQDEIAKEKRILGPVLGLVGNALGGLIKKIG,1
MNFKYIVAVSFLIASAYARSVQNDEQSLSQRDVLEEESLREIRGIGGVLLSAGKAALKGLAKVLAEKYANGKRTAEDHEVMKRLEAVMRDLDSLDHPEEASERETRGFNQDEIAKEKRILGPVLGLVGNALGGLIKKIG,1
MNFKYIVAVSFLIASAYARSVQNDEQSLSQRDVLEEESLREIRSIGAKILGGVKTFFKGALKELASTYLQQKRTAEEQHEVMKRLEAVMRDLDSLDHPEEASERETRGFNQEEIANLFTKKEKRILGPVISKIGGVLGGLLKNLG,1
MNFKYIVAVSFLIASAYARSVQNDEQSLSQRDVLEEESLREIRSIGAKILGGVKTFFKGALKELASTYLQRKRTAEDHEEMKRLEAVMRDLDSLDYPEEASERETRGFNQEEIANLFTKKEKRILGPVISKIGGVLGGLLKNLG,1
MNFKYIVAVSFLIASAYARSVQNDEQSLSQRDVLEEESLREIRSIGAKILGGVKTFFKGALKELASTYLQRKRTAEEQHEVMKRLEAVMRDLDSLDHPEEASEREIRGFNQEEIANLFTKKEKRILGPVISKIGGVLGGLLKNLG,1
MNFKYIVAVSFLIASGYARSEENDVQSLSQREVLEEESLREIRGIGGALLSAGKSALKGLAKGFAEHFGKRTAEDHEVMKRLEAVMRDLDSLDHPEEASERETRGFNQEEIANLFTKKEKRILGPVLSLVGSALGGLIKKIG,1
MNFKYIVAVSFLIASGYARSEENDVQSLSQREVLEEESLREIRGIGGALLSAGKSALKGLAKGLVEHFANGKRTAEDHEVMKRLKAVMRDLDSLDHPEEASERETRGFNQEEIANLFTKKEKRILGPVLSLVGSALGGLIKKIG,1
MNFKYIVAVSFLIASGYARSEENDVQSLSQREVLEEETLREIRGIGGALLSAGKSALKGLAKGLAEHFANGKRTAKGHEVMKRLEAVMRDLDSLDHPEEASERETRGFNQEEIANLFTKKEKRILGPVLSLVGSALGGLIKKIG,1
MNFKYIVAVSFLIASGYARSVKNDEQSLSQREVLEEESLREIRGIGGALLSVGKSALKGLAKGFAEHFGKRTAEDHEVMKRLEAVIRDLDSLDHPEEASEREARGFNQEEIANLFTKKDKRILGPVLSLVGNALGGLIKKIG,1
MNFKYIVAVSFLIASTYARSVKNDEQSLSQRDVLEEESLREIRGIGGALLSAGKSALKGLAKGLAEHFANGKRTAEEHEVMKRLEAVMRDLDSLDYPEEASEMETRSFNQEEIANLFTKKEKRILGPVLDLVGRALRGLLKKIG,1
MNFKYIVAVSFLITSGYAESVKNDEQSLSQRDVLEEESLREIRGIGGALLSVGKSALKGLAKGFAEHFGKRSAEDHEVMKRLEAVIRDLDSLDHPEEASERETRGFNQEEIANLFTKKEKRILGPVLGLVGSALGGLIKKIG,1
MNFKYIVAVSFLITSGYARSVKNDEQSLSQRDVLEEESLREIRGIGGALLSAGKAALKGLAKGFAEHFGKRTAEDHEVMKRLEAVMRDLDSLDHPEEASERETRGFNQEEIANLFTKKEKRILGPVLSLVGSALGGLIKKIG,1
MNFKYIVAVSFLLASAYARSEENDEQSLSQRDVLEEESLREIRGIGTKILGGVKTALKGALKELASTYANGKRTAEEHEVMKRLEAVMRDLDSLDYPEEAAERETRSFNQEEIANLFTKKEKRILGPVISTIGGVLGGLLKNLG,1
MNFKYIVAVSILIASAYARREENNIQSLSQRDVLEEESLREIRGIGASILSAGKSALKGFAKGLAEHFANGKRTAEDHEMMKRLEAAVRDLDSLEHPEEASEKETRGFNQEEKEKRIIGPVLGLVGSALGGLLKKIG,1
MNFKYIVAVSILIASAYARSEENDIQSLSQRDVLEEESLREIRGIGAAILSAGKSALKGLAKGLAEHFGKRTAEDHEVMKRLEAAIHSLSQRDVLEEESLREIRGIGAAILSAGKSALKGLAKGLAEHFGKRTAEEHEMMKRLEAVMRDLDSLDYPEEASEMETRSFNQEEIANLYTKKEKRILGPILGLVSNALGGLLG,1
MNFKYIVAVSILIASAYARSEENDIQSLSQRDVLEEESLREIRGIGGALLSAAKVGLKGLAKGLAEHFANGKRTAEEREVMKRLEAAMRDLDSFEHPEEASEKETRGFNQEEKEKRIIGPVLGLVGSALGGLLKKIG,1
MNFYKYLVVLVVLVLCLSATQTEARGFRKHFNKLVKKVKHTISETAHVAKDTAVIAGSGAAVVAATG,1
MNRKLLLVFLVVAMLVMQPAEAGFWSKIKDFAKKAWNSPLANELKSKALNAAKNFVSEKIGATPSEAGQIPFDEFMDVLYS,1
MNTQWDSPSLGRWSLVLLLLGLVMPLAIVAQVLSYQEAVLRAIDGINQRSSDANLYRLLDLDPRPTMDGDPDTPKPVSFTVKETVCPRTIQRSPEECDFREDGLVKWCVGTVTLNQAKDSFDISCDKDKRKVAQLGDVLQKAGEKIVRGLKNIGQRIKDFFGKLTPRTES,1
MQARVFLLLLGVILLGMMGPMVSAQDGKAGSCPDVNQPIPPLGVCKTTCATDSNCPDIQKCCKNGCGHMSCTRPST,1
MQFKKQLLVIFFAYFLVVNESEAFFGTLFKLGSKLIPGVMKLFSKKKERSLMKRELKNLYDPYQRSVEMERLLKELPLY,1
MQFTKLATILLVSLMGSAAIAAPATNNAAVDAAADATPAVEKRGFGCPFNENECHAHCLSIGRKFGFCAGPLRATCTCGKQ,1
MQFTKLATVLIVSLMGSAAIAAPSVDNAPAVAAEEVAAAPAENLEKRGFGCPLNERECHSHCQSIGRKFGYCGGTLRLTCICGKE,1
MQGFFWKTLLVVALCGTSSSLAHRPLSYGEALELALSVYNSKAGEESLFRLLEAVPQPEWDPLSEGSQQLNFTIKETVCQVEEERPLEECGFQEDGVVLECTGYYFFGETPPVVVLTCVPVGGVEEEEEDEEEQKAEVEKDEEKEDEEKDRPKRVKRFKKFFKKLKNNVKKRVKKFFRKPRVIGVTIPF,1
MQGFFWKTWLVLAVCGTPASLAHRPLSYGEALELAVSVYNGKAGEASLYRLLEAVPQPEWDPSSEGSQQLNFTLKETACQVEEERSLEECGFQEDGVVLECTGYYFFGETPPVVVLSCVPVGGVEEEEEEEEEEQKAEAENDEEVEKEKEDEEKDQPKRVKRFKKFFKKVKKSVKKRLKKIFKKPMVIGVTFPF,1
MQGFFWKTWLVLAVCGTPASLAHRPLSYGEALELAVSVYNGKAGEASLYRLLEAVPQPEWDPSSEGSQQLNFTLKETACQVEEERSLEECGFQEDGVVLECTGYYFFGETPPVVVLSCVPVGGVEEEEEEEEEEQKAEAENDEEVEKEKGDEEKDQPKRVKRFKKFFKKVKKSVKKRLKKIFKKPMVIGVTIPF,1
MQGFFWKTWLVVALCGTSSSLAHRPLSYGEALELALSIYNSKAGEESLFRLLEAVPQPEWDPLSEGSQQLNFTIKETVCQVEEERPLEECGFQEDGVVLECTGYYFFGETPPVVVLTCVPVGGVEEEEEDEEEQKAEVEKDEEKEDEEKDRPKRVKRFKKFFKKLKNSVKKRVKKFFRKPRVIGVTFPF,1
MQIKHLITIFFLVLIVADHCHAFLGMIPGLIGGLISAFKGRRKREITSQIEQYRNLQKREAELENLLANLPVY,1
MQIKHLITLFFLVLIVADQCSAFFSLIPSLVGGLISAFKGRRKREISAQIEQYKDLQKREAELEKLLDRLPMY,1
MQIKHLITLFFLVLIVADQCSAFLSLIPSLVGGSISAFKGRRKREISAQIEQYKDLQKREAELEELLDRLPMY,1
MQMKYLIPIFFLVLIVADHCHAFIGMIPGLIGGLISAFKGRRKRDITAQIEQYRNIQKREAAELEELLANLPVY,1
MQMKYLIPIFFLVLIVADHCHAFLGMIPGLIGGLISAFKGRRKRDITSQIEQYRNLQKREAELEDILANLPVY,1
MQRNLVVLLFLGMVALSSCGFREKHFQRFVKYAVPESTLRTVLQTVVHKVGKTQFGCSAYQGYCDDHCQDIEKKEGFCHGFKCKCGIPMGF,1
MRAVVVLLLVAVASAKVYDRCELARALKASGMDGYAGNSLPNWVCLSKWESSYNTQATNRNTDGSTDYGIFQINSRYWCDDGRTPGAKNVCGIRCSQLLTADLTVAIRCAKRVVLDPNGIGAWVAWRLHCQNQDLRSYVAGCGV,1
MRGTSFILFAVVVILGFLHANAEPLANPAPLANPDPLANADPLADPEAINLKGLIKKVASLLT,1
MRGTSFILFAVVVILGFLHGNAEPLANPEPSANPDPLANPDPLANPEAFDLLGLVKSVVSALG,1
MRGTSFILFAVVVILGFLNANAEPLANPAPLANPDPLANPDPLANPEAFDLLGLVKKVASALG,1
MRIGLRFVLM,1
MRIHYLLFALLFLFLVPVPGHGGIINTLQKYYCRVRGGRCAVLSCLPKEEQIGKCSTRGRKCCRRKK,1
MRKGVVAGLCLALVVMCLYLPQPCEAQYEALVTSILGKLTGLWHNDSVDFMGHICYFRRRPKIRRFKLYHEGKFWCPGWAPFEGRSRTKSRSGSSREATKDFVRKALQNGLVTQQDASLWLNN,1
MRRKTPVKWKTFFKALKHKKKIFKKTFEKFKFLAKGPAFLKGFDQKLKS,1
MRRSYVLLAFAIVLIISIISAQVEADASSDAFADAVADAVADPIKGKKIMKNMGKAMKIAGKVAKAMAPIVVPLIVSAAGK,1
MRTLTLLTALLLLALQVQTQSLEETADQVPAQDQPGAEAQDITISFAGDERSAREASKSLIGTASCTCRRAWICRWGERHSGKCIDQKGSTYRLCCRR,1
MRTRVMAGLCVALVVMCLYMPQPCEAQYEALVASILGKLSGLWHSDTVDFMGHTCHIRRKPKFRKFKLYHEGKFWCPGWTHLEGNSRTKSRSGSTREATKDFVHKALQNKLITKNSADAWLKG,1
MSGRGKTGGKARAKAKTRSSRAGLQFPVGRVHRLLRKGNYAQRVGAGAPVYLILELAGNAARDNKKTRIIPRHLQL,1
MSRRLILILVLVAMLVKTMAGMESKWVETTYEIKKRSGTSEKERESERLLGVVNPLIKCFRSPCPGRRAISEQT,1
MSRRLILTLVLVTMLVKTMAGMESKWVETTDEIKKRSGTPEKERESGRLLGVVKRYIVCVRNPCPGRRAISEQT,1
MSRRRILILVLVTMLVKTMAGMESKWVETTYEIKKRSGTSEKERESGRLLGVVKRLIVGFRSPFRGRRAISEQT,1
MSSGGLLLLLGFLTLWAELTPVSGQDRPKKPGLCPPRPQKPPCVRECKNDWSCPGEQKCCRYGCIFECRDPIFVK,1
MSSGGLLLLLGLLTLPAELTPISGQDRPIKPGLCPPRPQKPPCVKECKNDRSCPREQKCCRYGCIYECRDPIFVK,1
MSSGGLLLLLGLLTLWAELIPVSGQDHPKKPGLCPPRPQKPPCVRECKNDWSCPGEQKCCRYGCIFECRDPIFVK,1
MSSGGLLLLLGLLTLWAELTPISGQDRPKKPGLCPPRPQKPPCVRECKNDWRCPGEQKCCRYGCIYECRDPIFVK,1
MSSGGLLLLLGLLTLWAELTPVSGQDRPKKPGLCPPRPQKPPCVKECKNDWSCPGQQKCCSYGCIDECRDPIFVN,1
MSSGGLLLLLGLLTLWAELTPVSGQDRPVKPGLCPPRPQKPPCVKECKNDWSCRGEQKCCHYGCIYECRDPIFVK,1
MSSGGLLLLLGLLTLWAELTPVSGQDRPVKPGLCPPRPQKPPCVKECKNDWSCRGEQKCCRYGCIYECRDPIFVK,1
MSSGGLLLLLGLLTLWAELTPVSSLDRPKKPGLCPPRPQKPPCVRECKNDWRCPGEQKCCRYGCIYECRDPIFVK,1
MSSGGLLLLLGLLTLWAELTPVSSLDRPKKPGLCPPRPQKPPCVRECKNDWRCPGERKCCRYGCIYECRDPIFVK,1
MSSGGLLLLLGLLTLWAELTPVSSQDRPKKPGLCPPRPQKPPCVRECKNDWICPGEQKCCRYGCIYECRDPIFVK,1
MSSGGLLLLLGLLTLWAELTPVSSQDRPKKPGLCPPRPQKPPCVRECKNDWRCPGEQKCCRYGCIYECRDPIFVK,1
MSSGGLLLLLGLLTLWAEVTPISGQDRPKKPGLCPPRPQKPCVKECKNDWSCPGQQKCCNYGCIDECRDPIFVN,1
MSSGGLLLLLGLLTLWEVLTPVSSKDRPKKLGLCPPRPQKPCVKECKNDWSCPGQQKCCNYGCIDECRDPIFVN,1
MSSGGLLLLLGLLTLWEVLTPVSSKDRPKKPGLCPPRPQKPCVKECKNDWSCPGQQKCCNYGCIDECRDPIFVN,1
MSSGGLLLLLGLLTLWGVLTPVSSKDRPKKPGLCPPRPQKPCVKECKNDWSCSGQQKCCNYGCIDECRDPIFVN,1
MSTRSSSIRRLVEAVRTRFRAALRTVLFFALRTTKRRPRR,1
MTLRRGSCPLLLFSLVGLLTTCAQEPDAAGQNTTAVAEKAGTCPQAELEMPDRNCTEACQSDAGCEENKKCCRTGCGTSCQIPDEKPGSCPNVDTPIPPLGLCKTTCSKDSDCSETKKCCKNGCGFMTCTTARP,1
MVIFLAYFLVVNESEAFFGHLFKLATKIIPSLFQRKKERSVMNRDLENLFDPYQRNLEMDRLLKQLRNY,1
MWFDRKKFFWPGVCLFLLFFPKRFYKKGPEKVFSFRKKYKFARKCKCKL,1
MYKQIFLCLIIAALCATIMAEASALADADDDDDKRYVRGMASKAGAIAGKIAKVALKALGRRDS,1
MYLKKFLALKNSLKKLSPFKCAVKSWLKKCAEVTFYSKLLGRRGKKDGN,1
NGVQPKY,1
NHHRRHHRCR,1
NLYQFKNMVQCVGTQLCVAYVKYGCYCGPG,1
PFFWRIRIRR,1
PFPLF,1
PFPVLF,1
PGHRVSCWLS,1
PKVTITIQGSARF,1
PLFPLF,1
PLFPVLF,1
PLLKKLLKKP,1
PRLRG,1
PVFPF,1
PVFPLF,1
PVFPVF,1
PVFPVLF,1
PVLFPVLF,1
PVLVFPLVLF,1
PWKWPWWPWRR,1
PWWPWRR,1
QRLRG,1
RGAHIKGRWKSRCHRF,1
RGDWLWLW,1
RGLRRLGRKAHGVKKYG,1
RGLRRLGRKAHGVKKYGPTVLRRA,1
RGRKGGRRKK,1
RIKWWK,1
RIRIIIRIR,1
RIRIRIWRIRIRICTKSIPPIC,1
RIVQRIKDFL,1
RKDVY,1
RKFKK,1
RKRWWWWFR,1
RKSKEKIGKEFKRIVQRIKDFLRNLVPRTES,1
RKVWWRNR,1
RKWVWRNR,1
RKWWK,1
RLWLAIGRG,1
RLWLAIGRR,1
RLWLAIKRR,1
RRFFR,1
RRLCYKQRCVTYRGR,1
RRLRRILRYL,1
RRLWLW,1
RRRDKDK,1
RRRIKIRWY,1
RRRRCRFCC,1
RRRRN,1
RRRRRWFWFW,1
RRRRWFWF,1
RRRRWWWL,1
RRRRWWWW,1
RRRWWWWL,1
RRWWRF,1
RRWWRWWL,1
RRYYRF,1
RTKKWIVWI,1
RVRVRVWRVRVRV,1
RWFHWK,1
RWNGRIIKGFYNLVKIWKDLKG,1
RWRWWWRWRA,1
RWRWWWRWRV,1
RWWRR,1
SDSVVSDIICTTFCSVTWCQSNCC,1
SILSLFKMGAKALGKTLIKQAGKAGAEYVACKATNQC,1
SKEKIGKEFKRIVQRIKDFLRNLV,1
SKHWLWLW,1
SLLSLFRKLI,1
SWFHWK,1
SWKNKSK,1
THSWLWLW,1
TLEEFSAKL,1
TLKIIVKIVKYLV,1
TLKIIVKVVKYLV,1
TLKIVVKVVKYLV,1
TLLKKVLKAAAKAALNAVLVGANA,1
TRLRG,1
VDWKKIGQHILSVL,1
VFPWWWPFL,1
VGSWSFEVVA,1
VGVGGGFGR,1
VKGSWSKFEVA,1
VKLFPFFNQY,1
VKLFPVKLFP,1
VKLFPWFNQY,1
VKLFPWWNQY,1
VKRFKKFFRKLKKSV,1
VLAFPVLFP,1
VLFAPVLFP,1
VLFKPVLFP,1
VLFNVLFN,1
VLFPAVLFPA,1
VLFPEVLFPE,1
VLFPFVLFPF,1
VLFPGVLFPG,1
VLFPHVLFPH,1
VLFPLVLFPL,1
VLFPQVLFPQ,1
VLFPRVLFPR,1
VLFPSVLFPS,1
VLFPTVLFPT,1
VLFPVLFP,1
VLFPVVLFPV,1
VLFRPVLFP,1
VLFRVLFR,1
VLFSVLFS,1
VLFVLF,1
VLKPVLKP,1
VLLFPVLFP,1
VLPFVLPF,1
VLPVLP,1
VLVASLVMLEAQSSDTIQVPDWGKRLLMNHDSNRVGIPCGESCVWIPCLTAIAGCSCKNKVCYT,1
VRRFWWWPFLRR,1
VTVVVV,1
VVVVTV,1
VWLSALKFIGKHLAKHQLSKLGR,1
VWRWWWRWV,1
WILLLLKKFLKKL,1
WKKLKKLLKKL,1
WKKWWKKW,1
WKLFKKIGAVLVL,1
WKWPWWPWRR,1
WLFIGAVLVL,1
WLLKKLLKKW,1
WMTLLKKVLKAAAKAALNAVLVGANA,1
WPFCLLLMAL,1
WPWWPWRR,1
WRIWRIWRI,1
WRKFWKYLK,1
WRRWR,1
WRWRR,1
WRYQWTILFI,1
WVLVLRDLGY,1
WVLVLRLGY,1
WWFHWK,1
WWRRR,1
WWVAFARRR,1
WWVARARR,1
WWWLKKIW,1
WWWLKRIW,1
WWWLRKIW,1
WWWLRRIW,1
YEIKINRHFKTLKKNLKK,1
YRLRVKWKW,1
